title;price;old_price;link;img
Men's Flash Challenger™ Windbreaker Jacket;$44.99;$65.00;https://www.columbia.com/p/mens-flash-challenger-windbreaker-jacket-1988731.html?dwvar_1988731_color=191;https://columbia.scene7.com/is/image/ColumbiaSportswear2/1988731_191_f?$x1_grid$&v=1642418206
Women's Columbia Hike™ Short Sleeve Crew Shirt;$19.99;$36.00;https://www.columbia.com/p/womens-columbia-hike-short-sleeve-crew-shirt-1991551.html?dwvar_1991551_color=010;https://columbia.scene7.com/is/image/ColumbiaSportswear2/1991551_010_f?$x1_grid$&v=1642418206
Men's Hatana™ Max OutDry™ Shoe;$90.00;$120.00;https://www.columbia.com/p/mens-hatana-max-outdry-shoe-1982281.html?dwvar_1982281_color=010;https://columbia.scene7.com/is/image/ColumbiaSportswear2/1982281_010_f?$x1_grid$&v=1642418206
Boys' PFG Terminal Tackle™ Fish Flag T-Shirt;$14.99;$22.00;https://www.columbia.com/p/boys-pfg-terminal-tackle-fish-flag-t-shirt-1987971.html?dwvar_1987971_color=449;https://columbia.scene7.com/is/image/ColumbiaSportswear2/1987971_449_f?$x1_grid$&v=1642418206
Men's Utilizer™ Printed Woven Short Sleeve Shirt;$39.99;$65.00;https://www.columbia.com/p/mens-utilizer-printed-woven-short-sleeve-shirt-1990821.html?dwvar_1990821_color=329;https://columbia.scene7.com/is/image/ColumbiaSportswear2/1990821_329_f?$x1_grid$&v=1642418206
Women's Bogata Bay™ Stretch Shorts;$34.99;$60.00;https://www.columbia.com/p/womens-bogata-bay-stretch-shorts-1961031.html?dwvar_1961031_color=567;https://columbia.scene7.com/is/image/ColumbiaSportswear2/1961031_567_f?$x1_grid$&v=1642418206
Women's Capsule Hatana™ Max OutDry™ Shoe;$97.50;$130.00;https://www.columbia.com/p/womens-capsule-hatana-max-outdry-shoe-1987461.html?dwvar_1987461_color=043;https://columbia.scene7.com/is/image/ColumbiaSportswear2/1987461_043_f?$x1_grid$&v=1642418206
Boys' Washed Out™ Shorts;$19.99;$30.00;https://www.columbia.com/p/boys-washed-out-shorts-1990261.html?dwvar_1990261_color=271;https://columbia.scene7.com/is/image/ColumbiaSportswear2/1990261_271_f?$x1_grid$&v=1642418206
Men's Hikebound™ Rain Jacket;$60.00;$80.00;https://www.columbia.com/p/mens-hikebound-rain-jacket-1988621.html?dwvar_1988621_color=327;https://columbia.scene7.com/is/image/ColumbiaSportswear2/1988621_327_f?$x1_grid$&v=1642418206
Women's On The Go™ Long Shorts;$44.99;$65.00;https://www.columbia.com/p/womens-on-the-go-long-shorts-1991861.html?dwvar_1991861_color=348;https://columbia.scene7.com/is/image/ColumbiaSportswear2/1991861_348_f?$x1_grid$&v=1642418206
Men's Escape™ Thrive Endure™ Shoe;$120.00;$160.00;https://www.columbia.com/p/mens-escape-thrive-endure-shoe-1979591.html?dwvar_1979591_color=089;https://columbia.scene7.com/is/image/ColumbiaSportswear2/1979591_089_f?$x1_grid$&v=1642418206
Girls' PFG Freezer™ Dress II;$26.25;$35.00;https://www.columbia.com/p/girls-pfg-freezer-dress-ii-1990451.html?dwvar_1990451_color=362;https://columbia.scene7.com/is/image/ColumbiaSportswear2/1990451_362_f?$x1_grid$&v=1642418206
Men's Alpine Chill™ Zero Short Sleeve Crew Shirt;$30.00;$40.00;https://www.columbia.com/p/mens-alpine-chill-zero-short-sleeve-crew-shirt-1990541.html?dwvar_1990541_color=400;https://columbia.scene7.com/is/image/ColumbiaSportswear2/1990541_400_f?$x1_grid$&v=1642418206
Women's Lillian Ridge™ Shell Jacket;$79.99;$110.00;https://www.columbia.com/p/womens-lillian-ridge-shell-jacket-1989291.html?dwvar_1989291_color=672;https://columbia.scene7.com/is/image/ColumbiaSportswear2/1989291_672_f?$x1_grid$&v=1642418206
Women's Escape™ Thrive Endure™ Shoe;$120.00;$160.00;https://www.columbia.com/p/womens-escape-thrive-endure-shoe-1979581.html?dwvar_1979581_color=010;https://columbia.scene7.com/is/image/ColumbiaSportswear2/1979581_010_f?$x1_grid$&v=1642418206
Girls' PFG Tidal Tee™ Polo Dress;$30.00;$40.00;https://www.columbia.com/p/girls-pfg-tidal-tee-polo-dress-1988021.html?dwvar_1988021_color=031;https://columbia.scene7.com/is/image/ColumbiaSportswear2/1988021_031_f?$x1_grid$&v=1642418206
Men's Palmerston Peak™ Sport Shorts;$39.99;$60.00;https://www.columbia.com/p/mens-palmerston-peak-sport-shorts-1990721.html?dwvar_1990721_color=327;https://columbia.scene7.com/is/image/ColumbiaSportswear2/1990721_327_f?$x1_grid$&v=1642418206
Women's PFG Slack Water™ Knit Skirt;$30.00;$40.00;https://www.columbia.com/p/womens-pfg-slack-water-knit-skirt-1990051.html?dwvar_1990051_color=010;https://columbia.scene7.com/is/image/ColumbiaSportswear2/1990051_010_f?$x1_grid$&v=1642418206
Men's PFG Bonehead™ Shoe;$56.25;$75.00;https://www.columbia.com/p/mens-pfg-bonehead-shoe-1987131.html?dwvar_1987131_color=010;https://columbia.scene7.com/is/image/ColumbiaSportswear2/1987131_010_f?$x1_grid$&v=1642418206
Infant Little Sur™ Playsuit;$24.99;$36.00;https://www.columbia.com/p/infant-little-sur-playsuit-1989872.html?dwvar_1989872_color=271;https://columbia.scene7.com/is/image/ColumbiaSportswear2/1989872_271_f?$x1_grid$&v=1642418206
Women's Plateau™ Waterproof Shoe;$79.95;$90.00;https://www.columbia.com/p/womens-plateau-waterproof-shoe-1987101.html?dwvar_1987101_color=020;https://columbia.scene7.com/is/image/ColumbiaSportswear2/1987101_020_f?$x1_grid$&v=1642418206
Women's PFG Sun Drifter™ Woven Short Sleeve Shirt;$33.75;$45.00;https://www.columbia.com/p/womens-pfg-sun-drifter-woven-short-sleeve-shirt-1989971.html?dwvar_1989971_color=010;https://columbia.scene7.com/is/image/ColumbiaSportswear2/1989971_010_f?$x1_grid$&v=1642418206
Men's Thistletown Hills™ Short Sleeve Shirt;$19.99;$30.00;https://www.columbia.com/p/mens-thistletown-hills-short-sleeve-shirt-1990751.html?dwvar_1990751_color=023;https://columbia.scene7.com/is/image/ColumbiaSportswear2/1990751_023_f?$x1_grid$&v=1642418206
Men's Iron Mountain Trail™ Shorts;$29.98;$60.00;https://www.columbia.com/p/mens-iron-mountain-trail-shorts-2021451.html?dwvar_2021451_color=023;https://columbia.scene7.com/is/image/ColumbiaSportswear2/2021451_023_f?$x1_grid$&v=1642418206
Men's PFG Three Streams™ II Windbreaker;$29.98;$60.00;https://www.columbia.com/p/mens-pfg-three-streams-ii-windbreaker-2022051.html?dwvar_2022051_color=696;https://columbia.scene7.com/is/image/ColumbiaSportswear2/2022051_696_f?$x1_grid$&v=1642418206
Women's Weekend Adventure™ Long Shell Jacket;$90.00;$120.00;https://www.columbia.com/p/womens-weekend-adventure-long-shell-jacket-1989261.html?dwvar_1989261_color=043;https://columbia.scene7.com/is/image/ColumbiaSportswear2/1989261_043_f?$x1_grid$&v=1642418206
Women's PFG Sun Drifter™ Woven Dress;$48.75;$65.00;https://www.columbia.com/p/womens-pfg-sun-drifter-woven-dress-1989951.html?dwvar_1989951_color=464;https://columbia.scene7.com/is/image/ColumbiaSportswear2/1989951_464_f?$x1_grid$&v=1642418206
Women's PFG Cast and Release™ Pants;$48.75;$65.00;https://www.columbia.com/p/womens-pfg-cast-and-release-pants-1929221.html?dwvar_1929221_color=031;https://columbia.scene7.com/is/image/ColumbiaSportswear2/1929221_031_f?$x1_grid$&v=1642418206
Men's PFG Terminal Deflector™ Ice Hoodie;$60.00;$80.00;https://www.columbia.com/p/mens-pfg-terminal-deflector-ice-hoodie-1992641.html?dwvar_1992641_color=409;https://columbia.scene7.com/is/image/ColumbiaSportswear2/1992641_409_f?$x1_grid$&v=1642418206
Women's PFG Tidal Deflector Ice™ Long Sleeve Hoodie;$52.50;$70.00;https://www.columbia.com/p/womens-pfg-tidal-deflector-ice-long-sleeve-hoodie-1987751.html?dwvar_1987751_color=031;https://columbia.scene7.com/is/image/ColumbiaSportswear2/1987751_031_f?$x1_grid$&v=1642418206
PFG Sun Drifter™ Straw Cap;$26.25;$35.00;https://www.columbia.com/p/pfg-sun-drifter-straw-cap-1993131.html?dwvar_1993131_color=464;https://columbia.scene7.com/is/image/ColumbiaSportswear2/1993131_464_f?$x1_grid$&v=1642418206
Men's PFG Blood and Guts™ IV Woven Long Sleeve Shirt;$41.25;$55.00;https://www.columbia.com/p/mens-pfg-blood-and-guts-iv-woven-long-sleeve-shirt-1928961.html?dwvar_1928961_color=470;https://columbia.scene7.com/is/image/ColumbiaSportswear2/1928961_470_f?$x1_grid$&v=1642418206
Women's PFG Bonehead™ Shoe;$56.25;$75.00;https://www.columbia.com/p/womens-pfg-bonehead-shoe-1987151.html?dwvar_1987151_color=082;https://columbia.scene7.com/is/image/ColumbiaSportswear2/1987151_082_f?$x1_grid$&v=1642418206
Men's Mitchell Lane™ Full Zip Fleece Jacket;$29.98;$50.00;https://www.columbia.com/p/mens-mitchell-lane-full-zip-fleece-jacket-2021381.html?dwvar_2021381_color=010;https://columbia.scene7.com/is/image/ColumbiaSportswear2/2021381_010_f?$x1_grid$&v=1642418206
Men's PFG Blood and Guts™ IV Woven Short Sleeve Shirt;$33.75;$45.00;https://www.columbia.com/p/mens-pfg-blood-and-guts-iv-woven-short-sleeve-shirt-1928951.html?dwvar_1928951_color=011;https://columbia.scene7.com/is/image/ColumbiaSportswear2/1928951_011_f?$x1_grid$&v=1642418206
Men's Wolf Creek Falls™ Insulated Jacket;$74.98;$150.00;https://www.columbia.com/p/mens-wolf-creek-falls-insulated-jacket-2021391.html?dwvar_2021391_color=403;https://columbia.scene7.com/is/image/ColumbiaSportswear2/2021391_403_f?$x1_grid$&v=1642418206
Men's PFG™ Fish Flag Tech Short Sleeve Shirt;$22.50;$30.00;https://www.columbia.com/p/mens-pfg-fish-flag-tech-short-sleeve-shirt-1992941.html?dwvar_1992941_color=469;https://columbia.scene7.com/is/image/ColumbiaSportswear2/1992941_469_f?$x1_grid$&v=1642418206
Women's Slope Edge™ Long Vest;$49.99;$100.00;https://www.columbia.com/p/womens-slope-edge-long-vest-2021811.html?dwvar_2021811_color=010;https://columbia.scene7.com/is/image/ColumbiaSportswear2/2021811_010_f?$x1_grid$&v=1642418206
Women's PFG Coral Point™ Capris;$41.25;$55.00;https://www.columbia.com/p/womens-pfg-coral-point-capris-1929281.html?dwvar_1929281_color=010;https://columbia.scene7.com/is/image/ColumbiaSportswear2/1929281_010_f?$x1_grid$&v=1642418206
PFG Fish Flag™ Mesh Ball Cap - Mid Crown;$22.50;$30.00;https://www.columbia.com/p/pfg-fish-flag-mesh-ball-cap---mid-crown-1836812.html?dwvar_1836812_color=010;https://columbia.scene7.com/is/image/ColumbiaSportswear2/1836812_010_f?$x1_grid$&v=1642418206
Women's Pleasant Creek™ Stretch Dress;$60.00;$80.00;https://www.columbia.com/p/womens-pleasant-creek-stretch-dress-1933461.html?dwvar_1933461_color=467;https://columbia.scene7.com/is/image/ColumbiaSportswear2/1933461_467_f?$x1_grid$&v=1642418206
Women's Hatana™ Max OutDry™ Shoe;$90.00;$120.00;https://www.columbia.com/p/womens-hatana-max-outdry-shoe-1982321.html?dwvar_1982321_color=089;https://columbia.scene7.com/is/image/ColumbiaSportswear2/1982321_089_f?$x1_grid$&v=1642418206
Women's Weekend Adventure™ Long Shell Jacket - Plus Size;$97.50;$130.00;https://www.columbia.com/p/womens-weekend-adventure-long-shell-jacket---plus-size-1989264.html?dwvar_1989264_color=676;https://columbia.scene7.com/is/image/ColumbiaSportswear2/1989264_676_f?$x1_grid$&v=1642418206
Men's PFG Terminal Tackle™ Americana Long Sleeve Shirt;$29.98;$40.00;https://www.columbia.com/p/mens-pfg-terminal-tackle-americana-long-sleeve-shirt-1931031.html?dwvar_1931031_color=100;https://columbia.scene7.com/is/image/ColumbiaSportswear2/1931031_100_f?$x1_grid$&v=1642418206
Women's PFG Tidal Tee™ Quarter Zip Long Sleeve Shirt;$30.00;$40.00;https://www.columbia.com/p/womens-pfg-tidal-tee-quarter-zip-long-sleeve-shirt-1987791.html?dwvar_1987791_color=010;https://columbia.scene7.com/is/image/ColumbiaSportswear2/1987791_010_f?$x1_grid$&v=1642418206
Women's On The Go™ Shorts;$39.99;$60.00;https://www.columbia.com/p/womens-on-the-go-shorts-1991871.html?dwvar_1991871_color=363;https://columbia.scene7.com/is/image/ColumbiaSportswear2/1991871_363_f?$x1_grid$&v=1642418206
Women's PFG Cool Release™ Woven Short Sleeve Shirt;$37.50;$50.00;https://www.columbia.com/p/womens-pfg-cool-release-woven-short-sleeve-shirt-1987771.html?dwvar_1987771_color=031;https://columbia.scene7.com/is/image/ColumbiaSportswear2/1987771_031_f?$x1_grid$&v=1642418206
Men's PFG Fish Flip™ II Sandal;$37.50;$50.00;https://www.columbia.com/p/mens-pfg-fish-flip-ii-sandal-2018311.html?dwvar_2018311_color=088;https://columbia.scene7.com/is/image/ColumbiaSportswear2/2018311_088_f?$x1_grid$&v=1642418206
Women's PFG Slack Water™ Woven Shorts;$33.75;$45.00;https://www.columbia.com/p/womens-pfg-slack-water-woven-shorts-1990041.html?dwvar_1990041_color=010;https://columbia.scene7.com/is/image/ColumbiaSportswear2/1990041_010_f?$x1_grid$&v=1642418206
Men's Hybrid Trek™ Shorts;$33.75;$45.00;https://www.columbia.com/p/mens-hybrid-trek-shorts-1714031.html?dwvar_1714031_color=011;https://columbia.scene7.com/is/image/ColumbiaSportswear2/1714031_011_f?$x1_grid$&v=1642418206
Men's Millers Creek™ Cargo Shorts;$29.98;$45.00;https://www.columbia.com/p/mens-millers-creek-cargo-shorts-2021441.html?dwvar_2021441_color=257;https://columbia.scene7.com/is/image/ColumbiaSportswear2/2021441_257_f?$x1_grid$&v=1642418206
Women's On The Go™ Pants;$49.99;$75.00;https://www.columbia.com/p/womens-on-the-go-pants-1991841.html?dwvar_1991841_color=010;https://columbia.scene7.com/is/image/ColumbiaSportswear2/1991841_010_f?$x1_grid$&v=1642418206
Women's PFG Slack Water™ Knit Romper;$41.25;$55.00;https://www.columbia.com/p/womens-pfg-slack-water-knit-romper-1990001.html?dwvar_1990001_color=010;https://columbia.scene7.com/is/image/ColumbiaSportswear2/1990001_010_f?$x1_grid$&v=1642418206
Women's On The Go™ Joggers;$49.99;$75.00;https://www.columbia.com/p/womens-on-the-go-joggers-1991851.html?dwvar_1991851_color=010;https://columbia.scene7.com/is/image/ColumbiaSportswear2/1991851_010_f?$x1_grid$&v=1642418206
Women's Bowen Lookout™ Dress;$52.50;$70.00;https://www.columbia.com/p/womens-bowen-lookout-dress-1992341.html?dwvar_1992341_color=348;https://columbia.scene7.com/is/image/ColumbiaSportswear2/1992341_348_f?$x1_grid$&v=1642418206
Coolhead Ice™ Cachalot Hat;$30.00;$40.00;https://www.columbia.com/p/coolhead-ice-cachalot-hat-1991371.html?dwvar_1991371_color=100;https://columbia.scene7.com/is/image/ColumbiaSportswear2/1991371_100_f?$x1_grid$&v=1642418206
Women's Hazel Springs™ Dress;$39.99;$50.00;https://www.columbia.com/p/womens-hazel-springs-dress-2021271.html?dwvar_2021271_color=010;https://columbia.scene7.com/is/image/ColumbiaSportswear2/2021271_010_f?$x1_grid$&v=1642418206
Men's Field Creek™ Cargo Shorts;$52.50;$70.00;https://www.columbia.com/p/mens-field-creek-cargo-shorts-1993261.html?dwvar_1993261_color=010;https://columbia.scene7.com/is/image/ColumbiaSportswear2/1993261_010_f?$x1_grid$&v=1642418206
Men's Cedar Creek™ Short Sleeve Shirt;$17.50;$25.00;https://www.columbia.com/p/mens-cedar-creek-short-sleeve-shirt-2021371.html?dwvar_2021371_color=327;https://columbia.scene7.com/is/image/ColumbiaSportswear2/2021371_327_f?$x1_grid$&v=1642418206
Women's Columbia Hike™ Tank;$19.99;$36.00;https://www.columbia.com/p/womens-columbia-hike-tank-1991541.html?dwvar_1991541_color=567;https://columbia.scene7.com/is/image/ColumbiaSportswear2/1991541_567_f?$x1_grid$&v=1642418206
Men's PFG Offshore™ II Board Shorts;$45.00;$60.00;https://www.columbia.com/p/mens-pfg-offshore-ii-board-shorts-1709001.html?dwvar_1709001_color=901;https://columbia.scene7.com/is/image/ColumbiaSportswear2/1709001_901_f?$x1_grid$&v=1642418206
Men's PFG Zero Rules™ Ice Short Sleeve Shirt;$37.50;$50.00;https://www.columbia.com/p/mens-pfg-zero-rules-ice-short-sleeve-shirt-1928931.html?dwvar_1928931_color=362;https://columbia.scene7.com/is/image/ColumbiaSportswear2/1928931_362_f?$x1_grid$&v=1642418206
Women's PFG Cast and Release™ Shorts;$41.25;$55.00;https://www.columbia.com/p/womens-pfg-cast-and-release-shorts-1929211.html?dwvar_1929211_color=031;https://columbia.scene7.com/is/image/ColumbiaSportswear2/1929211_031_f?$x1_grid$&v=1642418206
Women's PFG Tamiami™ Pull-On Capris;$33.75;$45.00;https://www.columbia.com/p/womens-pfg-tamiami-pull-on-capris-1929301.html?dwvar_1929301_color=010;https://columbia.scene7.com/is/image/ColumbiaSportswear2/1929301_010_f?$x1_grid$&v=1642418206
Women's Columbia Trek™ Tank;$24.99;$40.00;https://www.columbia.com/p/womens-columbia-trek-tank-1992051.html?dwvar_1992051_color=010;https://columbia.scene7.com/is/image/ColumbiaSportswear2/1992051_010_f?$x1_grid$&v=1642418206
Men's PFG Super Terminal Tackle™ Long Sleeve Shirt;$37.50;$50.00;https://www.columbia.com/p/mens-pfg-super-terminal-tackle-long-sleeve-shirt-1709431.html?dwvar_1709431_color=901;https://columbia.scene7.com/is/image/ColumbiaSportswear2/1709431_901_f?$x1_grid$&v=1642418206
Women's Double Springs™ Dress;$39.99;$50.00;https://www.columbia.com/p/womens-double-springs-dress-2021251.html?dwvar_2021251_color=010;https://columbia.scene7.com/is/image/ColumbiaSportswear2/2021251_010_f?$x1_grid$&v=1642418206
Women's PFG Super Tamiami™ Long Sleeve Shirt;$48.00;$64.00;https://www.columbia.com/p/womens-pfg-super-tamiami-long-sleeve-shirt-1929291.html?dwvar_1929291_color=400;https://columbia.scene7.com/is/image/ColumbiaSportswear2/1929291_400_f?$x1_grid$&v=1642418206
Women's Hatana™ Breathe Shoe;$75.00;$100.00;https://www.columbia.com/p/womens-hatana-breathe-shoe-1982331.html?dwvar_1982331_color=020;https://columbia.scene7.com/is/image/ColumbiaSportswear2/1982331_020_f?$x1_grid$&v=1642418206
Women's PFG Bonehead™ Shoe - Wide;$56.25;$75.00;https://www.columbia.com/p/womens-pfg-bonehead-shoe---wide-1987152.html?dwvar_1987152_color=082;https://columbia.scene7.com/is/image/ColumbiaSportswear2/1987152_082_f?$x1_grid$&v=1642418206
Women's Sunrise Ridge™ Jacket;$75.00;$100.00;https://www.columbia.com/p/womens-sunrise-ridge-jacket-1989271.html?dwvar_1989271_color=010;https://columbia.scene7.com/is/image/ColumbiaSportswear2/1989271_010_f?$x1_grid$&v=1642418206
Men's Redmond™ Mid Waterproof Shoe;$67.98;$110.00;https://www.columbia.com/p/mens-redmond-mid-waterproof-shoe-1553591.html?dwvar_1553591_color=231;https://columbia.scene7.com/is/image/ColumbiaSportswear2/1553591_231_f?$x1_grid$&v=1642418206
